code,kind,url
002594,price_adjusted,https://push2his.eastmoney.com/api/qt/stock/kline/get?secid=0.002594&klt=101&fqt=1&beg=20190101&end=20260722&lmt=5000&fields1=f1%2Cf2%2Cf3%2Cf4%2Cf5%2Cf6&fields2=f51%2Cf52%2Cf53%2Cf54%2Cf55%2Cf56%2Cf57%2Cf58%2Cf59%2Cf60%2Cf61
002594,price_raw,https://push2his.eastmoney.com/api/qt/stock/kline/get?secid=0.002594&klt=101&fqt=0&beg=20190101&end=20260722&lmt=5000&fields1=f1%2Cf2%2Cf3%2Cf4%2Cf5%2Cf6&fields2=f51%2Cf52%2Cf53%2Cf54%2Cf55%2Cf56%2Cf57%2Cf58%2Cf59%2Cf60%2Cf61
002594,valuation_start,https://datacenter-web.eastmoney.com/api/data/v1/get?reportName=RPT_VALUEANALYSIS_DET&columns=ALL&filter=%28SECURITY_CODE%3D%22002594%22%29%28TRADE_DATE%3D%272020-01-10%27%29&pageNumber=1&pageSize=5
002594,valuation_baseline,https://datacenter-web.eastmoney.com/api/data/v1/get?reportName=RPT_VALUEANALYSIS_DET&columns=ALL&filter=%28SECURITY_CODE%3D%22002594%22%29%28TRADE_DATE%3D%272021-01-04%27%29&pageNumber=1&pageSize=5
002594,valuation_peak,https://datacenter-web.eastmoney.com/api/data/v1/get?reportName=RPT_VALUEANALYSIS_DET&columns=ALL&filter=%28SECURITY_CODE%3D%22002594%22%29%28TRADE_DATE%3D%272022-06-23%27%29&pageNumber=1&pageSize=5
002594,valuation_current,https://datacenter-web.eastmoney.com/api/data/v1/get?reportName=RPT_VALUEANALYSIS_DET&columns=ALL&filter=%28SECURITY_CODE%3D%22002594%22%29%28TRADE_DATE%3D%272026-07-22%27%29&pageNumber=1&pageSize=5
002594,main_fin,https://datacenter-web.eastmoney.com/api/data/v1/get?reportName=RPT_LICO_FN_CPD&columns=ALL&filter=%28SECURITY_CODE%3D%22002594%22%29&pageNumber=1&pageSize=500
002594,income,https://datacenter-web.eastmoney.com/api/data/v1/get?reportName=RPT_DMSK_FN_INCOME&columns=ALL&filter=%28SECURITY_CODE%3D%22002594%22%29&pageNumber=1&pageSize=500
002594,cashflow,https://datacenter-web.eastmoney.com/api/data/v1/get?reportName=RPT_DMSK_FN_CASHFLOW&columns=ALL&filter=%28SECURITY_CODE%3D%22002594%22%29&pageNumber=1&pageSize=500
002594,balance,https://datacenter-web.eastmoney.com/api/data/v1/get?reportName=RPT_DMSK_FN_BALANCE&columns=ALL&filter=%28SECURITY_CODE%3D%22002594%22%29&pageNumber=1&pageSize=500
300750,price_adjusted,https://push2his.eastmoney.com/api/qt/stock/kline/get?secid=0.300750&klt=101&fqt=1&beg=20190101&end=20260722&lmt=5000&fields1=f1%2Cf2%2Cf3%2Cf4%2Cf5%2Cf6&fields2=f51%2Cf52%2Cf53%2Cf54%2Cf55%2Cf56%2Cf57%2Cf58%2Cf59%2Cf60%2Cf61
300750,price_raw,https://push2his.eastmoney.com/api/qt/stock/kline/get?secid=0.300750&klt=101&fqt=0&beg=20190101&end=20260722&lmt=5000&fields1=f1%2Cf2%2Cf3%2Cf4%2Cf5%2Cf6&fields2=f51%2Cf52%2Cf53%2Cf54%2Cf55%2Cf56%2Cf57%2Cf58%2Cf59%2Cf60%2Cf61
300750,valuation_start,https://datacenter-web.eastmoney.com/api/data/v1/get?reportName=RPT_VALUEANALYSIS_DET&columns=ALL&filter=%28SECURITY_CODE%3D%22300750%22%29%28TRADE_DATE%3D%272020-03-23%27%29&pageNumber=1&pageSize=5
300750,valuation_baseline,https://datacenter-web.eastmoney.com/api/data/v1/get?reportName=RPT_VALUEANALYSIS_DET&columns=ALL&filter=%28SECURITY_CODE%3D%22300750%22%29%28TRADE_DATE%3D%272021-01-04%27%29&pageNumber=1&pageSize=5
300750,valuation_peak,https://datacenter-web.eastmoney.com/api/data/v1/get?reportName=RPT_VALUEANALYSIS_DET&columns=ALL&filter=%28SECURITY_CODE%3D%22300750%22%29%28TRADE_DATE%3D%272021-12-02%27%29&pageNumber=1&pageSize=5
300750,valuation_current,https://datacenter-web.eastmoney.com/api/data/v1/get?reportName=RPT_VALUEANALYSIS_DET&columns=ALL&filter=%28SECURITY_CODE%3D%22300750%22%29%28TRADE_DATE%3D%272026-07-22%27%29&pageNumber=1&pageSize=5
300750,main_fin,https://datacenter-web.eastmoney.com/api/data/v1/get?reportName=RPT_LICO_FN_CPD&columns=ALL&filter=%28SECURITY_CODE%3D%22300750%22%29&pageNumber=1&pageSize=500
300750,income,https://datacenter-web.eastmoney.com/api/data/v1/get?reportName=RPT_DMSK_FN_INCOME&columns=ALL&filter=%28SECURITY_CODE%3D%22300750%22%29&pageNumber=1&pageSize=500
300750,cashflow,https://datacenter-web.eastmoney.com/api/data/v1/get?reportName=RPT_DMSK_FN_CASHFLOW&columns=ALL&filter=%28SECURITY_CODE%3D%22300750%22%29&pageNumber=1&pageSize=500
300750,balance,https://datacenter-web.eastmoney.com/api/data/v1/get?reportName=RPT_DMSK_FN_BALANCE&columns=ALL&filter=%28SECURITY_CODE%3D%22300750%22%29&pageNumber=1&pageSize=500
002709,price_adjusted,https://push2his.eastmoney.com/api/qt/stock/kline/get?secid=0.002709&klt=101&fqt=1&beg=20190101&end=20260722&lmt=5000&fields1=f1%2Cf2%2Cf3%2Cf4%2Cf5%2Cf6&fields2=f51%2Cf52%2Cf53%2Cf54%2Cf55%2Cf56%2Cf57%2Cf58%2Cf59%2Cf60%2Cf61
002709,price_raw,https://push2his.eastmoney.com/api/qt/stock/kline/get?secid=0.002709&klt=101&fqt=0&beg=20190101&end=20260722&lmt=5000&fields1=f1%2Cf2%2Cf3%2Cf4%2Cf5%2Cf6&fields2=f51%2Cf52%2Cf53%2Cf54%2Cf55%2Cf56%2Cf57%2Cf58%2Cf59%2Cf60%2Cf61
002709,valuation_start,https://datacenter-web.eastmoney.com/api/data/v1/get?reportName=RPT_VALUEANALYSIS_DET&columns=ALL&filter=%28SECURITY_CODE%3D%22002709%22%29%28TRADE_DATE%3D%272020-03-30%27%29&pageNumber=1&pageSize=5
002709,valuation_baseline,https://datacenter-web.eastmoney.com/api/data/v1/get?reportName=RPT_VALUEANALYSIS_DET&columns=ALL&filter=%28SECURITY_CODE%3D%22002709%22%29%28TRADE_DATE%3D%272021-01-04%27%29&pageNumber=1&pageSize=5
002709,valuation_peak,https://datacenter-web.eastmoney.com/api/data/v1/get?reportName=RPT_VALUEANALYSIS_DET&columns=ALL&filter=%28SECURITY_CODE%3D%22002709%22%29%28TRADE_DATE%3D%272021-10-29%27%29&pageNumber=1&pageSize=5
002709,valuation_current,https://datacenter-web.eastmoney.com/api/data/v1/get?reportName=RPT_VALUEANALYSIS_DET&columns=ALL&filter=%28SECURITY_CODE%3D%22002709%22%29%28TRADE_DATE%3D%272026-07-22%27%29&pageNumber=1&pageSize=5
002709,main_fin,https://datacenter-web.eastmoney.com/api/data/v1/get?reportName=RPT_LICO_FN_CPD&columns=ALL&filter=%28SECURITY_CODE%3D%22002709%22%29&pageNumber=1&pageSize=500
002709,income,https://datacenter-web.eastmoney.com/api/data/v1/get?reportName=RPT_DMSK_FN_INCOME&columns=ALL&filter=%28SECURITY_CODE%3D%22002709%22%29&pageNumber=1&pageSize=500
002709,cashflow,https://datacenter-web.eastmoney.com/api/data/v1/get?reportName=RPT_DMSK_FN_CASHFLOW&columns=ALL&filter=%28SECURITY_CODE%3D%22002709%22%29&pageNumber=1&pageSize=500
002709,balance,https://datacenter-web.eastmoney.com/api/data/v1/get?reportName=RPT_DMSK_FN_BALANCE&columns=ALL&filter=%28SECURITY_CODE%3D%22002709%22%29&pageNumber=1&pageSize=500
002176,price_adjusted,https://push2his.eastmoney.com/api/qt/stock/kline/get?secid=0.002176&klt=101&fqt=1&beg=20190101&end=20260722&lmt=5000&fields1=f1%2Cf2%2Cf3%2Cf4%2Cf5%2Cf6&fields2=f51%2Cf52%2Cf53%2Cf54%2Cf55%2Cf56%2Cf57%2Cf58%2Cf59%2Cf60%2Cf61
002176,price_raw,https://push2his.eastmoney.com/api/qt/stock/kline/get?secid=0.002176&klt=101&fqt=0&beg=20190101&end=20260722&lmt=5000&fields1=f1%2Cf2%2Cf3%2Cf4%2Cf5%2Cf6&fields2=f51%2Cf52%2Cf53%2Cf54%2Cf55%2Cf56%2Cf57%2Cf58%2Cf59%2Cf60%2Cf61
002176,valuation_start,https://datacenter-web.eastmoney.com/api/data/v1/get?reportName=RPT_VALUEANALYSIS_DET&columns=ALL&filter=%28SECURITY_CODE%3D%22002176%22%29%28TRADE_DATE%3D%272020-05-20%27%29&pageNumber=1&pageSize=5
002176,valuation_baseline,https://datacenter-web.eastmoney.com/api/data/v1/get?reportName=RPT_VALUEANALYSIS_DET&columns=ALL&filter=%28SECURITY_CODE%3D%22002176%22%29%28TRADE_DATE%3D%272021-01-04%27%29&pageNumber=1&pageSize=5
002176,valuation_peak,https://datacenter-web.eastmoney.com/api/data/v1/get?reportName=RPT_VALUEANALYSIS_DET&columns=ALL&filter=%28SECURITY_CODE%3D%22002176%22%29%28TRADE_DATE%3D%272021-09-14%27%29&pageNumber=1&pageSize=5
002176,valuation_current,https://datacenter-web.eastmoney.com/api/data/v1/get?reportName=RPT_VALUEANALYSIS_DET&columns=ALL&filter=%28SECURITY_CODE%3D%22002176%22%29%28TRADE_DATE%3D%272026-07-22%27%29&pageNumber=1&pageSize=5
002176,main_fin,https://datacenter-web.eastmoney.com/api/data/v1/get?reportName=RPT_LICO_FN_CPD&columns=ALL&filter=%28SECURITY_CODE%3D%22002176%22%29&pageNumber=1&pageSize=500
002176,income,https://datacenter-web.eastmoney.com/api/data/v1/get?reportName=RPT_DMSK_FN_INCOME&columns=ALL&filter=%28SECURITY_CODE%3D%22002176%22%29&pageNumber=1&pageSize=500
002176,cashflow,https://datacenter-web.eastmoney.com/api/data/v1/get?reportName=RPT_DMSK_FN_CASHFLOW&columns=ALL&filter=%28SECURITY_CODE%3D%22002176%22%29&pageNumber=1&pageSize=500
002176,balance,https://datacenter-web.eastmoney.com/api/data/v1/get?reportName=RPT_DMSK_FN_BALANCE&columns=ALL&filter=%28SECURITY_CODE%3D%22002176%22%29&pageNumber=1&pageSize=500
002466,price_adjusted,https://push2his.eastmoney.com/api/qt/stock/kline/get?secid=0.002466&klt=101&fqt=1&beg=20190101&end=20260722&lmt=5000&fields1=f1%2Cf2%2Cf3%2Cf4%2Cf5%2Cf6&fields2=f51%2Cf52%2Cf53%2Cf54%2Cf55%2Cf56%2Cf57%2Cf58%2Cf59%2Cf60%2Cf61
002466,price_raw,https://push2his.eastmoney.com/api/qt/stock/kline/get?secid=0.002466&klt=101&fqt=0&beg=20190101&end=20260722&lmt=5000&fields1=f1%2Cf2%2Cf3%2Cf4%2Cf5%2Cf6&fields2=f51%2Cf52%2Cf53%2Cf54%2Cf55%2Cf56%2Cf57%2Cf58%2Cf59%2Cf60%2Cf61
002466,valuation_start,https://datacenter-web.eastmoney.com/api/data/v1/get?reportName=RPT_VALUEANALYSIS_DET&columns=ALL&filter=%28SECURITY_CODE%3D%22002466%22%29%28TRADE_DATE%3D%272020-04-29%27%29&pageNumber=1&pageSize=5
002466,valuation_baseline,https://datacenter-web.eastmoney.com/api/data/v1/get?reportName=RPT_VALUEANALYSIS_DET&columns=ALL&filter=%28SECURITY_CODE%3D%22002466%22%29%28TRADE_DATE%3D%272021-01-04%27%29&pageNumber=1&pageSize=5
002466,valuation_peak,https://datacenter-web.eastmoney.com/api/data/v1/get?reportName=RPT_VALUEANALYSIS_DET&columns=ALL&filter=%28SECURITY_CODE%3D%22002466%22%29%28TRADE_DATE%3D%272022-07-08%27%29&pageNumber=1&pageSize=5
002466,valuation_current,https://datacenter-web.eastmoney.com/api/data/v1/get?reportName=RPT_VALUEANALYSIS_DET&columns=ALL&filter=%28SECURITY_CODE%3D%22002466%22%29%28TRADE_DATE%3D%272026-07-22%27%29&pageNumber=1&pageSize=5
300274,price_adjusted,https://push2his.eastmoney.com/api/qt/stock/kline/get?secid=0.300274&klt=101&fqt=1&beg=20190101&end=20260722&lmt=5000&fields1=f1%2Cf2%2Cf3%2Cf4%2Cf5%2Cf6&fields2=f51%2Cf52%2Cf53%2Cf54%2Cf55%2Cf56%2Cf57%2Cf58%2Cf59%2Cf60%2Cf61
300274,price_raw,https://push2his.eastmoney.com/api/qt/stock/kline/get?secid=0.300274&klt=101&fqt=0&beg=20190101&end=20260722&lmt=5000&fields1=f1%2Cf2%2Cf3%2Cf4%2Cf5%2Cf6&fields2=f51%2Cf52%2Cf53%2Cf54%2Cf55%2Cf56%2Cf57%2Cf58%2Cf59%2Cf60%2Cf61
300274,valuation_start,https://datacenter-web.eastmoney.com/api/data/v1/get?reportName=RPT_VALUEANALYSIS_DET&columns=ALL&filter=%28SECURITY_CODE%3D%22300274%22%29%28TRADE_DATE%3D%272020-04-13%27%29&pageNumber=1&pageSize=5
300274,valuation_baseline,https://datacenter-web.eastmoney.com/api/data/v1/get?reportName=RPT_VALUEANALYSIS_DET&columns=ALL&filter=%28SECURITY_CODE%3D%22300274%22%29%28TRADE_DATE%3D%272021-01-04%27%29&pageNumber=1&pageSize=5
300274,valuation_peak,https://datacenter-web.eastmoney.com/api/data/v1/get?reportName=RPT_VALUEANALYSIS_DET&columns=ALL&filter=%28SECURITY_CODE%3D%22300274%22%29%28TRADE_DATE%3D%272021-10-27%27%29&pageNumber=1&pageSize=5
300274,valuation_current,https://datacenter-web.eastmoney.com/api/data/v1/get?reportName=RPT_VALUEANALYSIS_DET&columns=ALL&filter=%28SECURITY_CODE%3D%22300274%22%29%28TRADE_DATE%3D%272026-07-22%27%29&pageNumber=1&pageSize=5
300274,main_fin,https://datacenter-web.eastmoney.com/api/data/v1/get?reportName=RPT_LICO_FN_CPD&columns=ALL&filter=%28SECURITY_CODE%3D%22300274%22%29&pageNumber=1&pageSize=500
300274,income,https://datacenter-web.eastmoney.com/api/data/v1/get?reportName=RPT_DMSK_FN_INCOME&columns=ALL&filter=%28SECURITY_CODE%3D%22300274%22%29&pageNumber=1&pageSize=500
300274,cashflow,https://datacenter-web.eastmoney.com/api/data/v1/get?reportName=RPT_DMSK_FN_CASHFLOW&columns=ALL&filter=%28SECURITY_CODE%3D%22300274%22%29&pageNumber=1&pageSize=500
300274,balance,https://datacenter-web.eastmoney.com/api/data/v1/get?reportName=RPT_DMSK_FN_BALANCE&columns=ALL&filter=%28SECURITY_CODE%3D%22300274%22%29&pageNumber=1&pageSize=500
600438,price_adjusted,https://push2his.eastmoney.com/api/qt/stock/kline/get?secid=1.600438&klt=101&fqt=1&beg=20190101&end=20260722&lmt=5000&fields1=f1%2Cf2%2Cf3%2Cf4%2Cf5%2Cf6&fields2=f51%2Cf52%2Cf53%2Cf54%2Cf55%2Cf56%2Cf57%2Cf58%2Cf59%2Cf60%2Cf61
600438,price_raw,https://push2his.eastmoney.com/api/qt/stock/kline/get?secid=1.600438&klt=101&fqt=0&beg=20190101&end=20260722&lmt=5000&fields1=f1%2Cf2%2Cf3%2Cf4%2Cf5%2Cf6&fields2=f51%2Cf52%2Cf53%2Cf54%2Cf55%2Cf56%2Cf57%2Cf58%2Cf59%2Cf60%2Cf61
600438,valuation_start,https://datacenter-web.eastmoney.com/api/data/v1/get?reportName=RPT_VALUEANALYSIS_DET&columns=ALL&filter=%28SECURITY_CODE%3D%22600438%22%29%28TRADE_DATE%3D%272020-04-13%27%29&pageNumber=1&pageSize=5
600438,valuation_baseline,https://datacenter-web.eastmoney.com/api/data/v1/get?reportName=RPT_VALUEANALYSIS_DET&columns=ALL&filter=%28SECURITY_CODE%3D%22600438%22%29%28TRADE_DATE%3D%272021-01-04%27%29&pageNumber=1&pageSize=5
600438,valuation_peak,https://datacenter-web.eastmoney.com/api/data/v1/get?reportName=RPT_VALUEANALYSIS_DET&columns=ALL&filter=%28SECURITY_CODE%3D%22600438%22%29%28TRADE_DATE%3D%272022-07-05%27%29&pageNumber=1&pageSize=5
600438,valuation_current,https://datacenter-web.eastmoney.com/api/data/v1/get?reportName=RPT_VALUEANALYSIS_DET&columns=ALL&filter=%28SECURITY_CODE%3D%22600438%22%29%28TRADE_DATE%3D%272026-07-22%27%29&pageNumber=1&pageSize=5
600438,main_fin,https://datacenter-web.eastmoney.com/api/data/v1/get?reportName=RPT_LICO_FN_CPD&columns=ALL&filter=%28SECURITY_CODE%3D%22600438%22%29&pageNumber=1&pageSize=500
600438,income,https://datacenter-web.eastmoney.com/api/data/v1/get?reportName=RPT_DMSK_FN_INCOME&columns=ALL&filter=%28SECURITY_CODE%3D%22600438%22%29&pageNumber=1&pageSize=500
600438,cashflow,https://datacenter-web.eastmoney.com/api/data/v1/get?reportName=RPT_DMSK_FN_CASHFLOW&columns=ALL&filter=%28SECURITY_CODE%3D%22600438%22%29&pageNumber=1&pageSize=500
600438,balance,https://datacenter-web.eastmoney.com/api/data/v1/get?reportName=RPT_DMSK_FN_BALANCE&columns=ALL&filter=%28SECURITY_CODE%3D%22600438%22%29&pageNumber=1&pageSize=500
601012,price_adjusted,https://push2his.eastmoney.com/api/qt/stock/kline/get?secid=1.601012&klt=101&fqt=1&beg=20190101&end=20260722&lmt=5000&fields1=f1%2Cf2%2Cf3%2Cf4%2Cf5%2Cf6&fields2=f51%2Cf52%2Cf53%2Cf54%2Cf55%2Cf56%2Cf57%2Cf58%2Cf59%2Cf60%2Cf61
601012,price_raw,https://push2his.eastmoney.com/api/qt/stock/kline/get?secid=1.601012&klt=101&fqt=0&beg=20190101&end=20260722&lmt=5000&fields1=f1%2Cf2%2Cf3%2Cf4%2Cf5%2Cf6&fields2=f51%2Cf52%2Cf53%2Cf54%2Cf55%2Cf56%2Cf57%2Cf58%2Cf59%2Cf60%2Cf61
601012,valuation_start,https://datacenter-web.eastmoney.com/api/data/v1/get?reportName=RPT_VALUEANALYSIS_DET&columns=ALL&filter=%28SECURITY_CODE%3D%22601012%22%29%28TRADE_DATE%3D%272020-03-23%27%29&pageNumber=1&pageSize=5
601012,valuation_baseline,https://datacenter-web.eastmoney.com/api/data/v1/get?reportName=RPT_VALUEANALYSIS_DET&columns=ALL&filter=%28SECURITY_CODE%3D%22601012%22%29%28TRADE_DATE%3D%272021-01-04%27%29&pageNumber=1&pageSize=5
601012,valuation_peak,https://datacenter-web.eastmoney.com/api/data/v1/get?reportName=RPT_VALUEANALYSIS_DET&columns=ALL&filter=%28SECURITY_CODE%3D%22601012%22%29%28TRADE_DATE%3D%272021-11-01%27%29&pageNumber=1&pageSize=5
601012,valuation_current,https://datacenter-web.eastmoney.com/api/data/v1/get?reportName=RPT_VALUEANALYSIS_DET&columns=ALL&filter=%28SECURITY_CODE%3D%22601012%22%29%28TRADE_DATE%3D%272026-07-22%27%29&pageNumber=1&pageSize=5
601012,main_fin,https://datacenter-web.eastmoney.com/api/data/v1/get?reportName=RPT_LICO_FN_CPD&columns=ALL&filter=%28SECURITY_CODE%3D%22601012%22%29&pageNumber=1&pageSize=500
601012,income,https://datacenter-web.eastmoney.com/api/data/v1/get?reportName=RPT_DMSK_FN_INCOME&columns=ALL&filter=%28SECURITY_CODE%3D%22601012%22%29&pageNumber=1&pageSize=500
601012,cashflow,https://datacenter-web.eastmoney.com/api/data/v1/get?reportName=RPT_DMSK_FN_CASHFLOW&columns=ALL&filter=%28SECURITY_CODE%3D%22601012%22%29&pageNumber=1&pageSize=500
601012,balance,https://datacenter-web.eastmoney.com/api/data/v1/get?reportName=RPT_DMSK_FN_BALANCE&columns=ALL&filter=%28SECURITY_CODE%3D%22601012%22%29&pageNumber=1&pageSize=500
300014,price_adjusted,https://push2his.eastmoney.com/api/qt/stock/kline/get?secid=0.300014&klt=101&fqt=1&beg=20190101&end=20260722&lmt=5000&fields1=f1%2Cf2%2Cf3%2Cf4%2Cf5%2Cf6&fields2=f51%2Cf52%2Cf53%2Cf54%2Cf55%2Cf56%2Cf57%2Cf58%2Cf59%2Cf60%2Cf61
300014,price_raw,https://push2his.eastmoney.com/api/qt/stock/kline/get?secid=0.300014&klt=101&fqt=0&beg=20190101&end=20260722&lmt=5000&fields1=f1%2Cf2%2Cf3%2Cf4%2Cf5%2Cf6&fields2=f51%2Cf52%2Cf53%2Cf54%2Cf55%2Cf56%2Cf57%2Cf58%2Cf59%2Cf60%2Cf61
300014,valuation_start,https://datacenter-web.eastmoney.com/api/data/v1/get?reportName=RPT_VALUEANALYSIS_DET&columns=ALL&filter=%28SECURITY_CODE%3D%22300014%22%29%28TRADE_DATE%3D%272020-01-03%27%29&pageNumber=1&pageSize=5
300014,valuation_baseline,https://datacenter-web.eastmoney.com/api/data/v1/get?reportName=RPT_VALUEANALYSIS_DET&columns=ALL&filter=%28SECURITY_CODE%3D%22300014%22%29%28TRADE_DATE%3D%272021-01-04%27%29&pageNumber=1&pageSize=5
300014,valuation_peak,https://datacenter-web.eastmoney.com/api/data/v1/get?reportName=RPT_VALUEANALYSIS_DET&columns=ALL&filter=%28SECURITY_CODE%3D%22300014%22%29%28TRADE_DATE%3D%272021-11-26%27%29&pageNumber=1&pageSize=5
300014,valuation_current,https://datacenter-web.eastmoney.com/api/data/v1/get?reportName=RPT_VALUEANALYSIS_DET&columns=ALL&filter=%28SECURITY_CODE%3D%22300014%22%29%28TRADE_DATE%3D%272026-07-22%27%29&pageNumber=1&pageSize=5
300438,price_adjusted,https://push2his.eastmoney.com/api/qt/stock/kline/get?secid=0.300438&klt=101&fqt=1&beg=20190101&end=20260722&lmt=5000&fields1=f1%2Cf2%2Cf3%2Cf4%2Cf5%2Cf6&fields2=f51%2Cf52%2Cf53%2Cf54%2Cf55%2Cf56%2Cf57%2Cf58%2Cf59%2Cf60%2Cf61
300438,price_raw,https://push2his.eastmoney.com/api/qt/stock/kline/get?secid=0.300438&klt=101&fqt=0&beg=20190101&end=20260722&lmt=5000&fields1=f1%2Cf2%2Cf3%2Cf4%2Cf5%2Cf6&fields2=f51%2Cf52%2Cf53%2Cf54%2Cf55%2Cf56%2Cf57%2Cf58%2Cf59%2Cf60%2Cf61
300438,valuation_start,https://datacenter-web.eastmoney.com/api/data/v1/get?reportName=RPT_VALUEANALYSIS_DET&columns=ALL&filter=%28SECURITY_CODE%3D%22300438%22%29%28TRADE_DATE%3D%272020-05-25%27%29&pageNumber=1&pageSize=5
300438,valuation_baseline,https://datacenter-web.eastmoney.com/api/data/v1/get?reportName=RPT_VALUEANALYSIS_DET&columns=ALL&filter=%28SECURITY_CODE%3D%22300438%22%29%28TRADE_DATE%3D%272021-01-04%27%29&pageNumber=1&pageSize=5
300438,valuation_peak,https://datacenter-web.eastmoney.com/api/data/v1/get?reportName=RPT_VALUEANALYSIS_DET&columns=ALL&filter=%28SECURITY_CODE%3D%22300438%22%29%28TRADE_DATE%3D%272022-09-08%27%29&pageNumber=1&pageSize=5
300438,valuation_current,https://datacenter-web.eastmoney.com/api/data/v1/get?reportName=RPT_VALUEANALYSIS_DET&columns=ALL&filter=%28SECURITY_CODE%3D%22300438%22%29%28TRADE_DATE%3D%272026-07-22%27%29&pageNumber=1&pageSize=5
002518,price_adjusted,https://push2his.eastmoney.com/api/qt/stock/kline/get?secid=0.002518&klt=101&fqt=1&beg=20190101&end=20260722&lmt=5000&fields1=f1%2Cf2%2Cf3%2Cf4%2Cf5%2Cf6&fields2=f51%2Cf52%2Cf53%2Cf54%2Cf55%2Cf56%2Cf57%2Cf58%2Cf59%2Cf60%2Cf61
002518,price_raw,https://push2his.eastmoney.com/api/qt/stock/kline/get?secid=0.002518&klt=101&fqt=0&beg=20190101&end=20260722&lmt=5000&fields1=f1%2Cf2%2Cf3%2Cf4%2Cf5%2Cf6&fields2=f51%2Cf52%2Cf53%2Cf54%2Cf55%2Cf56%2Cf57%2Cf58%2Cf59%2Cf60%2Cf61
002518,valuation_start,https://datacenter-web.eastmoney.com/api/data/v1/get?reportName=RPT_VALUEANALYSIS_DET&columns=ALL&filter=%28SECURITY_CODE%3D%22002518%22%29%28TRADE_DATE%3D%272020-01-02%27%29&pageNumber=1&pageSize=5
002518,valuation_baseline,https://datacenter-web.eastmoney.com/api/data/v1/get?reportName=RPT_VALUEANALYSIS_DET&columns=ALL&filter=%28SECURITY_CODE%3D%22002518%22%29%28TRADE_DATE%3D%272021-01-04%27%29&pageNumber=1&pageSize=5
002518,valuation_peak,https://datacenter-web.eastmoney.com/api/data/v1/get?reportName=RPT_VALUEANALYSIS_DET&columns=ALL&filter=%28SECURITY_CODE%3D%22002518%22%29%28TRADE_DATE%3D%272023-01-11%27%29&pageNumber=1&pageSize=5
002518,valuation_current,https://datacenter-web.eastmoney.com/api/data/v1/get?reportName=RPT_VALUEANALYSIS_DET&columns=ALL&filter=%28SECURITY_CODE%3D%22002518%22%29%28TRADE_DATE%3D%272026-07-22%27%29&pageNumber=1&pageSize=5
603606,price_adjusted,https://push2his.eastmoney.com/api/qt/stock/kline/get?secid=1.603606&klt=101&fqt=1&beg=20190101&end=20260722&lmt=5000&fields1=f1%2Cf2%2Cf3%2Cf4%2Cf5%2Cf6&fields2=f51%2Cf52%2Cf53%2Cf54%2Cf55%2Cf56%2Cf57%2Cf58%2Cf59%2Cf60%2Cf61
603606,price_raw,https://push2his.eastmoney.com/api/qt/stock/kline/get?secid=1.603606&klt=101&fqt=0&beg=20190101&end=20260722&lmt=5000&fields1=f1%2Cf2%2Cf3%2Cf4%2Cf5%2Cf6&fields2=f51%2Cf52%2Cf53%2Cf54%2Cf55%2Cf56%2Cf57%2Cf58%2Cf59%2Cf60%2Cf61
603606,valuation_start,https://datacenter-web.eastmoney.com/api/data/v1/get?reportName=RPT_VALUEANALYSIS_DET&columns=ALL&filter=%28SECURITY_CODE%3D%22603606%22%29%28TRADE_DATE%3D%272020-02-04%27%29&pageNumber=1&pageSize=5
603606,valuation_baseline,https://datacenter-web.eastmoney.com/api/data/v1/get?reportName=RPT_VALUEANALYSIS_DET&columns=ALL&filter=%28SECURITY_CODE%3D%22603606%22%29%28TRADE_DATE%3D%272021-01-04%27%29&pageNumber=1&pageSize=5
603606,valuation_peak,https://datacenter-web.eastmoney.com/api/data/v1/get?reportName=RPT_VALUEANALYSIS_DET&columns=ALL&filter=%28SECURITY_CODE%3D%22603606%22%29%28TRADE_DATE%3D%272022-07-20%27%29&pageNumber=1&pageSize=5
603606,valuation_current,https://datacenter-web.eastmoney.com/api/data/v1/get?reportName=RPT_VALUEANALYSIS_DET&columns=ALL&filter=%28SECURITY_CODE%3D%22603606%22%29%28TRADE_DATE%3D%272026-07-22%27%29&pageNumber=1&pageSize=5
603606,main_fin,https://datacenter-web.eastmoney.com/api/data/v1/get?reportName=RPT_LICO_FN_CPD&columns=ALL&filter=%28SECURITY_CODE%3D%22603606%22%29&pageNumber=1&pageSize=500
603606,income,https://datacenter-web.eastmoney.com/api/data/v1/get?reportName=RPT_DMSK_FN_INCOME&columns=ALL&filter=%28SECURITY_CODE%3D%22603606%22%29&pageNumber=1&pageSize=500
603606,cashflow,https://datacenter-web.eastmoney.com/api/data/v1/get?reportName=RPT_DMSK_FN_CASHFLOW&columns=ALL&filter=%28SECURITY_CODE%3D%22603606%22%29&pageNumber=1&pageSize=500
603606,balance,https://datacenter-web.eastmoney.com/api/data/v1/get?reportName=RPT_DMSK_FN_BALANCE&columns=ALL&filter=%28SECURITY_CODE%3D%22603606%22%29&pageNumber=1&pageSize=500
002487,price_adjusted,https://push2his.eastmoney.com/api/qt/stock/kline/get?secid=0.002487&klt=101&fqt=1&beg=20190101&end=20260722&lmt=5000&fields1=f1%2Cf2%2Cf3%2Cf4%2Cf5%2Cf6&fields2=f51%2Cf52%2Cf53%2Cf54%2Cf55%2Cf56%2Cf57%2Cf58%2Cf59%2Cf60%2Cf61
002487,price_raw,https://push2his.eastmoney.com/api/qt/stock/kline/get?secid=0.002487&klt=101&fqt=0&beg=20190101&end=20260722&lmt=5000&fields1=f1%2Cf2%2Cf3%2Cf4%2Cf5%2Cf6&fields2=f51%2Cf52%2Cf53%2Cf54%2Cf55%2Cf56%2Cf57%2Cf58%2Cf59%2Cf60%2Cf61
002487,valuation_start,https://datacenter-web.eastmoney.com/api/data/v1/get?reportName=RPT_VALUEANALYSIS_DET&columns=ALL&filter=%28SECURITY_CODE%3D%22002487%22%29%28TRADE_DATE%3D%272020-03-30%27%29&pageNumber=1&pageSize=5
002487,valuation_baseline,https://datacenter-web.eastmoney.com/api/data/v1/get?reportName=RPT_VALUEANALYSIS_DET&columns=ALL&filter=%28SECURITY_CODE%3D%22002487%22%29%28TRADE_DATE%3D%272021-01-04%27%29&pageNumber=1&pageSize=5
002487,valuation_peak,https://datacenter-web.eastmoney.com/api/data/v1/get?reportName=RPT_VALUEANALYSIS_DET&columns=ALL&filter=%28SECURITY_CODE%3D%22002487%22%29%28TRADE_DATE%3D%272022-07-20%27%29&pageNumber=1&pageSize=5
002487,valuation_current,https://datacenter-web.eastmoney.com/api/data/v1/get?reportName=RPT_VALUEANALYSIS_DET&columns=ALL&filter=%28SECURITY_CODE%3D%22002487%22%29%28TRADE_DATE%3D%272026-07-22%27%29&pageNumber=1&pageSize=5
300450,price_adjusted,https://push2his.eastmoney.com/api/qt/stock/kline/get?secid=0.300450&klt=101&fqt=1&beg=20190101&end=20260722&lmt=5000&fields1=f1%2Cf2%2Cf3%2Cf4%2Cf5%2Cf6&fields2=f51%2Cf52%2Cf53%2Cf54%2Cf55%2Cf56%2Cf57%2Cf58%2Cf59%2Cf60%2Cf61
300450,price_raw,https://push2his.eastmoney.com/api/qt/stock/kline/get?secid=0.300450&klt=101&fqt=0&beg=20190101&end=20260722&lmt=5000&fields1=f1%2Cf2%2Cf3%2Cf4%2Cf5%2Cf6&fields2=f51%2Cf52%2Cf53%2Cf54%2Cf55%2Cf56%2Cf57%2Cf58%2Cf59%2Cf60%2Cf61
300450,valuation_start,https://datacenter-web.eastmoney.com/api/data/v1/get?reportName=RPT_VALUEANALYSIS_DET&columns=ALL&filter=%28SECURITY_CODE%3D%22300450%22%29%28TRADE_DATE%3D%272020-04-29%27%29&pageNumber=1&pageSize=5
300450,valuation_baseline,https://datacenter-web.eastmoney.com/api/data/v1/get?reportName=RPT_VALUEANALYSIS_DET&columns=ALL&filter=%28SECURITY_CODE%3D%22300450%22%29%28TRADE_DATE%3D%272021-01-04%27%29&pageNumber=1&pageSize=5
300450,valuation_peak,https://datacenter-web.eastmoney.com/api/data/v1/get?reportName=RPT_VALUEANALYSIS_DET&columns=ALL&filter=%28SECURITY_CODE%3D%22300450%22%29%28TRADE_DATE%3D%272021-11-12%27%29&pageNumber=1&pageSize=5
300450,valuation_current,https://datacenter-web.eastmoney.com/api/data/v1/get?reportName=RPT_VALUEANALYSIS_DET&columns=ALL&filter=%28SECURITY_CODE%3D%22300450%22%29%28TRADE_DATE%3D%272026-07-22%27%29&pageNumber=1&pageSize=5
300693,price_adjusted,https://push2his.eastmoney.com/api/qt/stock/kline/get?secid=0.300693&klt=101&fqt=1&beg=20190101&end=20260722&lmt=5000&fields1=f1%2Cf2%2Cf3%2Cf4%2Cf5%2Cf6&fields2=f51%2Cf52%2Cf53%2Cf54%2Cf55%2Cf56%2Cf57%2Cf58%2Cf59%2Cf60%2Cf61
300693,price_raw,https://push2his.eastmoney.com/api/qt/stock/kline/get?secid=0.300693&klt=101&fqt=0&beg=20190101&end=20260722&lmt=5000&fields1=f1%2Cf2%2Cf3%2Cf4%2Cf5%2Cf6&fields2=f51%2Cf52%2Cf53%2Cf54%2Cf55%2Cf56%2Cf57%2Cf58%2Cf59%2Cf60%2Cf61
300693,valuation_start,https://datacenter-web.eastmoney.com/api/data/v1/get?reportName=RPT_VALUEANALYSIS_DET&columns=ALL&filter=%28SECURITY_CODE%3D%22300693%22%29%28TRADE_DATE%3D%272020-04-01%27%29&pageNumber=1&pageSize=5
300693,valuation_baseline,https://datacenter-web.eastmoney.com/api/data/v1/get?reportName=RPT_VALUEANALYSIS_DET&columns=ALL&filter=%28SECURITY_CODE%3D%22300693%22%29%28TRADE_DATE%3D%272021-01-04%27%29&pageNumber=1&pageSize=5
300693,valuation_peak,https://datacenter-web.eastmoney.com/api/data/v1/get?reportName=RPT_VALUEANALYSIS_DET&columns=ALL&filter=%28SECURITY_CODE%3D%22300693%22%29%28TRADE_DATE%3D%272023-02-13%27%29&pageNumber=1&pageSize=5
300693,valuation_current,https://datacenter-web.eastmoney.com/api/data/v1/get?reportName=RPT_VALUEANALYSIS_DET&columns=ALL&filter=%28SECURITY_CODE%3D%22300693%22%29%28TRADE_DATE%3D%272026-07-22%27%29&pageNumber=1&pageSize=5
300713,price_adjusted,https://push2his.eastmoney.com/api/qt/stock/kline/get?secid=0.300713&klt=101&fqt=1&beg=20190101&end=20260722&lmt=5000&fields1=f1%2Cf2%2Cf3%2Cf4%2Cf5%2Cf6&fields2=f51%2Cf52%2Cf53%2Cf54%2Cf55%2Cf56%2Cf57%2Cf58%2Cf59%2Cf60%2Cf61
300713,price_raw,https://push2his.eastmoney.com/api/qt/stock/kline/get?secid=0.300713&klt=101&fqt=0&beg=20190101&end=20260722&lmt=5000&fields1=f1%2Cf2%2Cf3%2Cf4%2Cf5%2Cf6&fields2=f51%2Cf52%2Cf53%2Cf54%2Cf55%2Cf56%2Cf57%2Cf58%2Cf59%2Cf60%2Cf61
300713,valuation_start,https://datacenter-web.eastmoney.com/api/data/v1/get?reportName=RPT_VALUEANALYSIS_DET&columns=ALL&filter=%28SECURITY_CODE%3D%22300713%22%29%28TRADE_DATE%3D%272020-04-29%27%29&pageNumber=1&pageSize=5
300713,valuation_baseline,https://datacenter-web.eastmoney.com/api/data/v1/get?reportName=RPT_VALUEANALYSIS_DET&columns=ALL&filter=%28SECURITY_CODE%3D%22300713%22%29%28TRADE_DATE%3D%272021-01-04%27%29&pageNumber=1&pageSize=5
300713,valuation_peak,https://datacenter-web.eastmoney.com/api/data/v1/get?reportName=RPT_VALUEANALYSIS_DET&columns=ALL&filter=%28SECURITY_CODE%3D%22300713%22%29%28TRADE_DATE%3D%272020-11-25%27%29&pageNumber=1&pageSize=5
300713,valuation_current,https://datacenter-web.eastmoney.com/api/data/v1/get?reportName=RPT_VALUEANALYSIS_DET&columns=ALL&filter=%28SECURITY_CODE%3D%22300713%22%29%28TRADE_DATE%3D%272026-07-22%27%29&pageNumber=1&pageSize=5
002506,price_adjusted,https://push2his.eastmoney.com/api/qt/stock/kline/get?secid=0.002506&klt=101&fqt=1&beg=20190101&end=20260722&lmt=5000&fields1=f1%2Cf2%2Cf3%2Cf4%2Cf5%2Cf6&fields2=f51%2Cf52%2Cf53%2Cf54%2Cf55%2Cf56%2Cf57%2Cf58%2Cf59%2Cf60%2Cf61
002506,price_raw,https://push2his.eastmoney.com/api/qt/stock/kline/get?secid=0.002506&klt=101&fqt=0&beg=20190101&end=20260722&lmt=5000&fields1=f1%2Cf2%2Cf3%2Cf4%2Cf5%2Cf6&fields2=f51%2Cf52%2Cf53%2Cf54%2Cf55%2Cf56%2Cf57%2Cf58%2Cf59%2Cf60%2Cf61
002506,valuation_start,https://datacenter-web.eastmoney.com/api/data/v1/get?reportName=RPT_VALUEANALYSIS_DET&columns=ALL&filter=%28SECURITY_CODE%3D%22002506%22%29%28TRADE_DATE%3D%272020-04-29%27%29&pageNumber=1&pageSize=5
002506,valuation_baseline,https://datacenter-web.eastmoney.com/api/data/v1/get?reportName=RPT_VALUEANALYSIS_DET&columns=ALL&filter=%28SECURITY_CODE%3D%22002506%22%29%28TRADE_DATE%3D%272021-01-04%27%29&pageNumber=1&pageSize=5
002506,valuation_peak,https://datacenter-web.eastmoney.com/api/data/v1/get?reportName=RPT_VALUEANALYSIS_DET&columns=ALL&filter=%28SECURITY_CODE%3D%22002506%22%29%28TRADE_DATE%3D%272020-08-18%27%29&pageNumber=1&pageSize=5
002506,valuation_current,https://datacenter-web.eastmoney.com/api/data/v1/get?reportName=RPT_VALUEANALYSIS_DET&columns=ALL&filter=%28SECURITY_CODE%3D%22002506%22%29%28TRADE_DATE%3D%272026-07-22%27%29&pageNumber=1&pageSize=5
